DELETE FROM TIPO_TEL WHERE ID_TEL = 1;

UPDATE TIPO_TEL SET NOME_TEL = 'Celular' WHERE ID_TEL = 1;
UPDATE TIPO_TEL SET NOME_TEL = 'Fixo' WHERE ID_TEL = 2;

INSERT INTO TIPO_TEL (ID_TEL, NOME_TEL) VALUES (1, 'Celular');
INSERT INTO TIPO_TEL (ID_TEL, NOME_TEL) VALUES (2, 'Fixo');
INSERT INTO TIPO_TEL (ID_TEL, NOME_TEL) VALUES (3, 'Comercial');
INSERT INTO TIPO_TEL (ID_TEL, NOME_TEL) VALUES (4, 'Residencial');
INSERT INTO TIPO_TEL (ID_TEL, NOME_TEL) VALUES (5, 'PABX');


DELETE FROM TELEFONES WHERE NUM_TELEFONE = 123456789;

UPDATE TELEFONES SET TIPO_TELEFONE = 1 WHERE NUM_TELEFONE = 123456789;
UPDATE TELEFONES SET TIPO_TELEFONE = 2 WHERE NUM_TELEFONE = 987654321;

INSERT INTO TELEFONES (NUM_TELEFONE, TIPO_TELEFONE) VALUES (123456789, 1);
INSERT INTO TELEFONES (NUM_TELEFONE, TIPO_TELEFONE) VALUES (987654321, 2);
INSERT INTO TELEFONES (NUM_TELEFONE, TIPO_TELEFONE) VALUES (111223344, 3);
INSERT INTO TELEFONES (NUM_TELEFONE, TIPO_TELEFONE) VALUES (555666777, 4);
INSERT INTO TELEFONES (NUM_TELEFONE, TIPO_TELEFONE) VALUES (444333222, 5);


DELETE FROM TIPO_END WHERE ID_TIPO = 1;

UPDATE TIPO_END SET ID_TIPO = 2 WHERE ID_TIPO = 1;
UPDATE TIPO_END SET ID_TIPO = 3 WHERE ID_TIPO = 2;

INSERT INTO TIPO_END (ID_TIPO) VALUES (1);
INSERT INTO TIPO_END (ID_TIPO) VALUES (2);
INSERT INTO TIPO_END (ID_TIPO) VALUES (3);
INSERT INTO TIPO_END (ID_TIPO) VALUES (4);
INSERT INTO TIPO_END (ID_TIPO) VALUES (5);


DELETE FROM ENDERECO WHERE ID_END = 1;

UPDATE ENDERECO SET RUA_END = 'Avenida Brasil' WHERE ID_END = 2;
UPDATE ENDERECO SET CIDADE_END = 'São Paulo' WHERE ID_END = 3;

INSERT INTO ENDERECO (ID_END, RUA_END, BAIRRO_END, NUM_END, CIDADE_END, ESTADO_END, TIPO_ENDERECO, PAIS_END) 
VALUES (1, 'Rua das Flores', 'Centro', 100, 'Rio de Janeiro', 'RJ', 1, 'Brasil');
INSERT INTO ENDERECO (ID_END, RUA_END, BAIRRO_END, NUM_END, CIDADE_END, ESTADO_END, TIPO_ENDERECO, PAIS_END) 
VALUES (2, 'Rua dos Três Irmãos', 'Bairro A', 200, 'São Paulo', 'SP', 2, 'Brasil');
INSERT INTO ENDERECO (ID_END, RUA_END, BAIRRO_END, NUM_END, CIDADE_END, ESTADO_END, TIPO_ENDERECO, PAIS_END) 
VALUES (3, 'Avenida Paulista', 'Bairro B', 500, 'São Paulo', 'SP', 3, 'Brasil');
INSERT INTO ENDERECO (ID_END, RUA_END, BAIRRO_END, NUM_END, CIDADE_END, ESTADO_END, TIPO_ENDERECO, PAIS_END) 
VALUES (4, 'Rua das Palmeiras', 'Bairro C', 600, 'Belo Horizonte', 'MG', 4, 'Brasil');
INSERT INTO ENDERECO (ID_END, RUA_END, BAIRRO_END, NUM_END, CIDADE_END, ESTADO_END, TIPO_ENDERECO, PAIS_END) 
VALUES (5, 'Rua do Sol', 'Bairro D', 800, 'Salvador', 'BA', 5, 'Brasil');


DELETE FROM FORNECEDORES WHERE CNPJ_FORN = 12345678000199;

UPDATE FORNECEDORES SET RAZAO_SOCIAL_FORN = 'Fornecedor A' WHERE CNPJ_FORN = 12345678000199;
UPDATE FORNECEDORES SET CONTATO_FORN = 'contato@fornecedorb.com' WHERE CNPJ_FORN = 98765432000188;

INSERT INTO FORNECEDORES (CNPJ_FORN, RAZAO_SOCIAL_FORN, TELEFONE_FORNECEDOR, ENDERECO_FORNECEDOR, CONTATO_FORN) 
VALUES (123456780, 'Fornecedor A', 123456789, 1, 'contato@fornecedora.com');
INSERT INTO FORNECEDORES (CNPJ_FORN, RAZAO_SOCIAL_FORN, TELEFONE_FORNECEDOR, ENDERECO_FORNECEDOR, CONTATO_FORN) 
VALUES (987654320, 'Fornecedor B', 987654321, 2, 'contato@fornecedorb.com');
INSERT INTO FORNECEDORES (CNPJ_FORN, RAZAO_SOCIAL_FORN, TELEFONE_FORNECEDOR, ENDERECO_FORNECEDOR, CONTATO_FORN) 
VALUES (112233440, 'Fornecedor C', 111223344, 3, 'fornecedorC@mail.com');
INSERT INTO FORNECEDORES (CNPJ_FORN, RAZAO_SOCIAL_FORN, TELEFONE_FORNECEDOR, ENDERECO_FORNECEDOR, CONTATO_FORN) 
VALUES (223344550, 'Fornecedor D', 555666777, 4, 'fornecedorD@mail.com');
INSERT INTO FORNECEDORES (CNPJ_FORN, RAZAO_SOCIAL_FORN, TELEFONE_FORNECEDOR, ENDERECO_FORNECEDOR, CONTATO_FORN) 
VALUES (334455660, 'Fornecedor E', 444333222, 5, 'fornecedorE@mail.com');


DELETE FROM TIPOCOMPONENTE WHERE ID_TC = 1;

UPDATE TIPOCOMPONENTE SET NOME_TC = 'Componente A' WHERE ID_TC = 2;
UPDATE TIPOCOMPONENTE SET NOME_TC = 'Componente B' WHERE ID_TC = 3;

INSERT INTO TIPOCOMPONENTE (ID_TC, NOME_TC) VALUES (1, 'Componente A');
INSERT INTO TIPOCOMPONENTE (ID_TC, NOME_TC) VALUES (2, 'Componente B');
INSERT INTO TIPOCOMPONENTE (ID_TC, NOME_TC) VALUES (3, 'Componente C');
INSERT INTO TIPOCOMPONENTE (ID_TC, NOME_TC) VALUES (4, 'Componente D');
INSERT INTO TIPOCOMPONENTE (ID_TC, NOME_TC) VALUES (5, 'Componente E');


DELETE FROM COMPONENTES WHERE ID_COMP = 1;

UPDATE COMPONENTES SET NOME_COMP = 'Componente X' WHERE ID_COMP = 2;
UPDATE COMPONENTES SET PREÇO_COMP = 300 WHERE ID_COMP = 3;

INSERT INTO COMPONENTES (ID_COMP, NOME_COMP, QNT_ESTOQUE_COMP, PREÇO_COMP, COMP_FORNECEDOR, TIPO_COMP, FORN_COMP, UNIDADE_COMP) 
VALUES (1, 'Componente 1', 100, 200, 123456780, 1, 1, 10);
INSERT INTO COMPONENTES (ID_COMP, NOME_COMP, QNT_ESTOQUE_COMP, PREÇO_COMP, COMP_FORNECEDOR, TIPO_COMP, FORN_COMP, UNIDADE_COMP) 
VALUES (2, 'Componente 2', 150, 300, 987654320, 2, 2, 20);
INSERT INTO COMPONENTES (ID_COMP, NOME_COMP, QNT_ESTOQUE_COMP, PREÇO_COMP, COMP_FORNECEDOR, TIPO_COMP, FORN_COMP, UNIDADE_COMP) 
VALUES (3, 'Componente 3', 200, 400, 112233440, 3, 3, 30);
INSERT INTO COMPONENTES (ID_COMP, NOME_COMP, QNT_ESTOQUE_COMP, PREÇO_COMP, COMP_FORNECEDOR, TIPO_COMP, FORN_COMP, UNIDADE_COMP) 
VALUES (4, 'Componente 4', 50, 150, 223344550, 4, 4, 40);
INSERT INTO COMPONENTES (ID_COMP, NOME_COMP, QNT_ESTOQUE_COMP, PREÇO_COMP, COMP_FORNECEDOR, TIPO_COMP, FORN_COMP, UNIDADE_COMP) 
VALUES (5, 'Componente 5', 80, 250, 334455660, 5, 5, 50);


DELETE FROM EMPRESAS WHERE CNPJ_EMPRESA = 12345678000199;

UPDATE EMPRESAS SET RAZAO_SOCIAL_EMPRESA = 'Empresa A' WHERE CNPJ_EMPRESA = 12345678000199;
UPDATE EMPRESAS SET TELEFONE_EMPRESA = 987654321 WHERE CNPJ_EMPRESA = 98765432000188;

INSERT INTO EMPRESAS (CNPJ_EMPRESA, CONTATO_EMPRESA, TELEFONE_EMPRESA, ENDERECO_EMPRESA, RAZAO_SOCIAL_EMPRESA) 
VALUES (123456796, 'contato@empresaA.com', 123456789, 1, 'Empresa A');
INSERT INTO EMPRESAS (CNPJ_EMPRESA, CONTATO_EMPRESA, TELEFONE_EMPRESA, ENDERECO_EMPRESA, RAZAO_SOCIAL_EMPRESA) 
VALUES (987654366, 'contato@empresaB.com', 987654321, 2, 'Empresa B');
INSERT INTO EMPRESAS (CNPJ_EMPRESA, CONTATO_EMPRESA, TELEFONE_EMPRESA, ENDERECO_EMPRESA, RAZAO_SOCIAL_EMPRESA) 
VALUES (112233455, 'contato@empresaC.com', 111223344, 3, 'Empresa C');
INSERT INTO EMPRESAS (CNPJ_EMPRESA, CONTATO_EMPRESA, TELEFONE_EMPRESA, ENDERECO_EMPRESA, RAZAO_SOCIAL_EMPRESA) 
VALUES (223344544, 'contato@empresaD.com', 555666777, 4, 'Empresa D');
INSERT INTO EMPRESAS (CNPJ_EMPRESA, CONTATO_EMPRESA, TELEFONE_EMPRESA, ENDERECO_EMPRESA, RAZAO_SOCIAL_EMPRESA) 
VALUES (334455677, 'contato@empresaE.com', 444333222, 5, 'Empresa E');


DELETE FROM ENCOMENDAS WHERE ID_ENC = 1;

UPDATE ENCOMENDAS SET VALOR_TOTAL_ENC = 1000 WHERE ID_ENC = 2;
UPDATE ENCOMENDAS SET FORMA_PAGAMENTO_ENC = 'Cartão de Crédito' WHERE ID_ENC = 3;

INSERT INTO ENCOMENDAS (ID_ENC, DATA_INCLUSAO_ENC, VALOR_TOTAL_ENC, VALOR_DESCONTO_ENC, VALOR_LIQUIDO_ENC, FORMA_PAGAMENTO_ENC, ENC_PRODUTOS) 
VALUES (1, '2024-10-01', 500, 50, 450, 'Boleto', 'Produto A, Produto B');
INSERT INTO ENCOMENDAS (ID_ENC, DATA_INCLUSAO_ENC, VALOR_TOTAL_ENC, VALOR_DESCONTO_ENC, VALOR_LIQUIDO_ENC, FORMA_PAGAMENTO_ENC, ENC_PRODUTOS) 
VALUES (2, '2024-10-02', 1000, 100, 900, 'Cartão de Crédito', 'Produto C, Produto D');
INSERT INTO ENCOMENDAS (ID_ENC, DATA_INCLUSAO_ENC, VALOR_TOTAL_ENC, VALOR_DESCONTO_ENC, VALOR_LIQUIDO_ENC, FORMA_PAGAMENTO_ENC, ENC_PRODUTOS) 
VALUES (3, '2024-10-03', 1500, 150, 1350, 'Débito', 'Produto E, Produto F');
INSERT INTO ENCOMENDAS (ID_ENC, DATA_INCLUSAO_ENC, VALOR_TOTAL_ENC, VALOR_DESCONTO_ENC, VALOR_LIQUIDO_ENC, FORMA_PAGAMENTO_ENC, ENC_PRODUTOS) 
VALUES (4, '2024-10-04', 2000, 200, 1800, 'Pix', 'Produto G, Produto H');
INSERT INTO ENCOMENDAS (ID_ENC, DATA_INCLUSAO_ENC, VALOR_TOTAL_ENC, VALOR_DESCONTO_ENC, VALOR_LIQUIDO_ENC, FORMA_PAGAMENTO_ENC, ENC_PRODUTOS) 
VALUES (5, '2024-10-05', 2500, 250, 2250, 'Transferência', 'Produto I, Produto J');


DELETE FROM RE WHERE ID_RE = 1;

UPDATE RE SET QNT_NECE_RE = 10 WHERE ID_RE = 2;
UPDATE RE SET UNID_RE = 5 WHERE ID_RE = 3;

INSERT INTO RE (ID_RE, QNT_NECE_RE, UNID_RE, TEMP_USO_RE) 
VALUES (11, 5, 1, '02:00:00');
INSERT INTO RE (ID_RE, QNT_NECE_RE, UNID_RE, TEMP_USO_RE) 
VALUES (12, 10, 2, '03:00:00');
INSERT INTO RE (ID_RE, QNT_NECE_RE, UNID_RE, TEMP_USO_RE) 
VALUES (13, 8, 3, '04:00:00');
INSERT INTO RE (ID_RE, QNT_NECE_RE, UNID_RE, TEMP_USO_RE) 
VALUES (14, 12, 4, '05:00:00');
INSERT INTO RE (ID_RE, QNT_NECE_RE, UNID_RE, TEMP_USO_RE) 
VALUES (15, 15, 5, '06:00:00');


DELETE FROM RM WHERE ID_RM = 1;

UPDATE RM SET DATA_RM = '2024-10-10' WHERE ID_RM = 2;
UPDATE RM SET DESC_RM = 'Manutenção preventiva' WHERE ID_RM = 3;

INSERT INTO RM (ID_RM, DATA_RM, DESC_RM) 
VALUES (21, '2024-09-01', 'Manutenção corretiva');
INSERT INTO RM (ID_RM, DATA_RM, DESC_RM) 
VALUES (22, '2024-09-10', 'Manutenção preventiva');
INSERT INTO RM (ID_RM, DATA_RM, DESC_RM) 
VALUES (23, '2024-09-15', 'Troca de peça');
INSERT INTO RM (ID_RM, DATA_RM, DESC_RM) 
VALUES (24, '2024-09-20', 'Verificação de segurança');
INSERT INTO RM (ID_RM, DATA_RM, DESC_RM) 
VALUES (25, '2024-09-25', 'Limpeza e calibração');


DELETE FROM RS WHERE ID_RS = 1;

UPDATE RS SET QNT_RS = 10 WHERE ID_RS = 2;
UPDATE RS SET DATA_NESC_RS = '2024-10-01' WHERE ID_RS = 3;

INSERT INTO RS (ID_RS, QNT_RS, DATA_NESC_RS) 
VALUES (31, 5, '2024-09-01');
INSERT INTO RS (ID_RS, QNT_RS, DATA_NESC_RS) 
VALUES (32, 10, '2024-09-02');
INSERT INTO RS (ID_RS, QNT_RS, DATA_NESC_RS) 
VALUES (33, 8, '2024-09-03');
INSERT INTO RS (ID_RS, QNT_RS, DATA_NESC_RS) 
VALUES (34, 12, '2024-09-04');
INSERT INTO RS (ID_RS, QNT_RS, DATA_NESC_RS) 
VALUES (35, 15, '2024-09-05');


DELETE FROM PRODUTOS WHERE ID_PROD = 1;

UPDATE PRODUTOS SET NOME_PROD = 'Produto A' WHERE ID_PROD = 2;
UPDATE PRODUTOS SET VALOR_PROD = 1200 WHERE ID_PROD = 3;

INSERT INTO PRODUTOS (ID_PROD, NOME_PROD, COR_PROD, DIMENSOES_PROD, PESO_PROD, VALOR_PROD, TEMP_FABRICACAO_PROD, HORAS_MAO_DE_OBRA_PROD, PROD_ENCOMENDAS, COMP_ENCOMENDAS, RE_PROD, RS_PROD) 
VALUES (100, 'Produto A', 'Azul', 10, 500, 1000, '02:00:00', '01:30:00', 1, 1, 11, 31);
INSERT INTO PRODUTOS (ID_PROD, NOME_PROD, COR_PROD, DIMENSOES_PROD, PESO_PROD, VALOR_PROD, TEMP_FABRICACAO_PROD, HORAS_MAO_DE_OBRA_PROD, PROD_ENCOMENDAS, COMP_ENCOMENDAS, RE_PROD, RS_PROD) 
VALUES (200, 'Produto B', 'Vermelho', 20, 600, 1200, '02:30:00', '02:00:00', 2, 2, 12, 33);
INSERT INTO PRODUTOS (ID_PROD, NOME_PROD, COR_PROD, DIMENSOES_PROD, PESO_PROD, VALOR_PROD, TEMP_FABRICACAO_PROD, HORAS_MAO_DE_OBRA_PROD, PROD_ENCOMENDAS, COMP_ENCOMENDAS, RE_PROD, RS_PROD) 
VALUES (300, 'Produto C', 'Verde', 40, 700, 1500, '03:00:00', '03:30:00', 3, 3, 13, 34);
INSERT INTO PRODUTOS (ID_PROD, NOME_PROD, COR_PROD, DIMENSOES_PROD, PESO_PROD, VALOR_PROD, TEMP_FABRICACAO_PROD, HORAS_MAO_DE_OBRA_PROD, PROD_ENCOMENDAS, COMP_ENCOMENDAS, RE_PROD, RS_PROD) 
VALUES (400, 'Produto D', 'Amarelo', 35, 600, 800, '03:30:00', '02:30:00', 4, 4, 14, 32);
INSERT INTO PRODUTOS (ID_PROD, NOME_PROD, COR_PROD, DIMENSOES_PROD, PESO_PROD, VALOR_PROD, TEMP_FABRICACAO_PROD, HORAS_MAO_DE_OBRA_PROD, PROD_ENCOMENDAS, COMP_ENCOMENDAS, RE_PROD, RS_PROD) 
VALUES (500, 'Produto E', 'Preto', 50, 800, 2000, '04:00:00', '03:00:00', 5, 5, 15, 35);


DELETE FROM EMPREGADOS WHERE ID_EMPREGADO = 1;

UPDATE EMPREGADOS SET SALARIO_EMPREGADO = 5000 WHERE ID_EMPREGADO = 2;
UPDATE EMPREGADOS SET CARGO_EMPREGADO = 'Gerente' WHERE ID_EMPREGADO = 3;

INSERT INTO EMPREGADOS (ID_EMPREGADO, NOME_EMPREGADO, CARGO_EMPREGADO, SALARIO_EMPREGADO, QUALIFICACOES_EMPREGADO, TELEFONE_EMPREGADO, END_EMPREGADO, EMPREGADO_PROD) 
VALUES (1, 'Carlos Silva', 'Operador de Máquinas', 3500, 'Curso Técnico', 123456789, 1, 100);
INSERT INTO EMPREGADOS (ID_EMPREGADO, NOME_EMPREGADO, CARGO_EMPREGADO, SALARIO_EMPREGADO, QUALIFICACOES_EMPREGADO, TELEFONE_EMPREGADO, END_EMPREGADO, EMPREGADO_PROD) 
VALUES (2, 'Fernanda Souza', 'Supervisor', 4500, 'Engenharia', 987654321, 2, 200);
INSERT INTO EMPREGADOS (ID_EMPREGADO, NOME_EMPREGADO, CARGO_EMPREGADO, SALARIO_EMPREGADO, QUALIFICACOES_EMPREGADO, TELEFONE_EMPREGADO, END_EMPREGADO, EMPREGADO_PROD) 
VALUES (3, 'João Oliveira', 'Gerente', 5500, 'Administração', 111223344, 3, 300);  
INSERT INTO EMPREGADOS (ID_EMPREGADO, NOME_EMPREGADO, CARGO_EMPREGADO, SALARIO_EMPREGADO, QUALIFICACOES_EMPREGADO, TELEFONE_EMPREGADO, END_EMPREGADO, EMPREGADO_PROD) 
VALUES (4, 'Patrícia Costa', 'Auxiliar', 2500, 'Ensino Médio', 555666777, 4, 400);  
INSERT INTO EMPREGADOS (ID_EMPREGADO, NOME_EMPREGADO, CARGO_EMPREGADO, SALARIO_EMPREGADO, QUALIFICACOES_EMPREGADO, TELEFONE_EMPREGADO, END_EMPREGADO, EMPREGADO_PROD) 
VALUES (5, 'Ricardo Lima', 'Estagiário', 1500, 'Cursando Superior', 444333222, 5, 500);  


DELETE FROM CLIENTES WHERE ID_CLIENTE = 1;

UPDATE CLIENTES SET RAMO_CLIENTE = 'Tecnologia' WHERE ID_CLIENTE = 2;
UPDATE CLIENTES SET TELEFONE_CLIENTE = 998877665 WHERE ID_CLIENTE = 3;

INSERT INTO CLIENTES (ID_CLIENTE, CNPJ_CLIENTE, RAZSOC_CLIENTE, RAMO_CLIENTE, TELEFONE_CLIENTE, END_CLIENTE, TIPO_TELEFONE, CLIENTE_ENC, DATA_CADAST_CLIENTE) 
VALUES (1, 123456781, 'Cliente A', 'Serviços', 123456789, 1, 1, 1, '2024-10-01');
INSERT INTO CLIENTES (ID_CLIENTE, CNPJ_CLIENTE, RAZSOC_CLIENTE, RAMO_CLIENTE, TELEFONE_CLIENTE, END_CLIENTE, TIPO_TELEFONE, CLIENTE_ENC, DATA_CADAST_CLIENTE) 
VALUES (2, 234567891, 'Cliente B', 'Indústria', 987654321, 2, 2, 2, '2024-10-02');
INSERT INTO CLIENTES (ID_CLIENTE, CNPJ_CLIENTE, RAZSOC_CLIENTE, RAMO_CLIENTE, TELEFONE_CLIENTE, END_CLIENTE, TIPO_TELEFONE, CLIENTE_ENC, DATA_CADAST_CLIENTE) 
VALUES (3, 345678912, 'Cliente C', 'Comércio', 111223344, 3, 3, 3, '2024-10-03');
INSERT INTO CLIENTES (ID_CLIENTE, CNPJ_CLIENTE, RAZSOC_CLIENTE, RAMO_CLIENTE, TELEFONE_CLIENTE, END_CLIENTE, TIPO_TELEFONE, CLIENTE_ENC, DATA_CADAST_CLIENTE) 
VALUES (4, 456789014, 'Cliente D', 'Educação', 555666777, 4, 4, 4, '2024-10-04');
INSERT INTO CLIENTES (ID_CLIENTE, CNPJ_CLIENTE, RAZSOC_CLIENTE, RAMO_CLIENTE, TELEFONE_CLIENTE, END_CLIENTE, TIPO_TELEFONE, CLIENTE_ENC, DATA_CADAST_CLIENTE) 
VALUES (5, 567890115, 'Cliente E', 'Saúde', 444333222, 5, 5, 5, '2024-10-05');


DELETE FROM MAQUINAS WHERE ID_MAQUINA = 1;

UPDATE MAQUINAS SET TEMPO_VIDA_MAQUINA = '00:10:00' WHERE ID_MAQUINA = 2;
UPDATE MAQUINAS SET DATA_COMPRA_MAQUINA = '2024-01-01' WHERE ID_MAQUINA = 3;

INSERT INTO MAQUINAS (ID_MAQUINA, TEMPO_VIDA_MAQUINA, DATA_COMPRA_MAQUINA, RM_MAQUINAS) 
VALUES (1, '00:05:00', '2023-05-01', 21);
INSERT INTO MAQUINAS (ID_MAQUINA, TEMPO_VIDA_MAQUINA, DATA_COMPRA_MAQUINA, RM_MAQUINAS) 
VALUES (2, '00:08:00', '2023-06-01', 22);
INSERT INTO MAQUINAS (ID_MAQUINA, TEMPO_VIDA_MAQUINA, DATA_COMPRA_MAQUINA, RM_MAQUINAS) 
VALUES (3, '00:12:00', '2023-07-01', 23);
INSERT INTO MAQUINAS (ID_MAQUINA, TEMPO_VIDA_MAQUINA, DATA_COMPRA_MAQUINA, RM_MAQUINAS) 
VALUES (4, '00:06:00', '2023-08-01', 24);
INSERT INTO MAQUINAS (ID_MAQUINA, TEMPO_VIDA_MAQUINA, DATA_COMPRA_MAQUINA, RM_MAQUINAS) 
VALUES (5, '00:07:00', '2023-09-01', 25);
