DELETE FROM ALUNO WHERE ALUNO_CPF = 123456789;

UPDATE ALUNO SET ALUNO_NOME = 'Carlos Silva' WHERE ALUNO_CPF = 123456789;
UPDATE ALUNO SET ALUNO_CIDADE = 'São Paulo' WHERE ALUNO_CPF = 987654321;

INSERT INTO ALUNO (ALUNO_CPF, ALUNO_NOME, ALUNO_MODALIDADE, ALUNO_TEL, ALUNO_CIDADE, ALUNO_ESTADO, ALUNO_PAIS, ALUNO_RUA, ALUNO_NUM, ALUNO_BAIRRO, EMAIL)
VALUES (123456789, 'João Santos', 'Futebol', '11987654321', 'Rio de Janeiro', 'RJ', 'Brasil', 'Rua A', '123', 'Centro', 'joao.santos@email.com');
INSERT INTO ALUNO (ALUNO_CPF, ALUNO_NOME, ALUNO_MODALIDADE, ALUNO_TEL, ALUNO_CIDADE, ALUNO_ESTADO, ALUNO_PAIS, ALUNO_RUA, ALUNO_NUM, ALUNO_BAIRRO, EMAIL)
VALUES (987654321, 'Maria Oliveira', 'Vôlei', '21987654321', 'Niterói', 'RJ', 'Brasil', 'Rua B', '456', 'Icaraí', 'maria.oliveira@email.com');
INSERT INTO ALUNO (ALUNO_CPF, ALUNO_NOME, ALUNO_MODALIDADE, ALUNO_TEL, ALUNO_CIDADE, ALUNO_ESTADO, ALUNO_PAIS, ALUNO_RUA, ALUNO_NUM, ALUNO_BAIRRO, EMAIL)
VALUES (112233445, 'Carlos Pereira', 'Basquete', '31987654321', 'Belo Horizonte', 'MG', 'Brasil', 'Rua C', '789', 'Centro', 'carlos.pereira@email.com');
INSERT INTO ALUNO (ALUNO_CPF, ALUNO_NOME, ALUNO_MODALIDADE, ALUNO_TEL, ALUNO_CIDADE, ALUNO_ESTADO, ALUNO_PAIS, ALUNO_RUA, ALUNO_NUM, ALUNO_BAIRRO, EMAIL)
VALUES (556677889, 'Ana Costa', 'Natação', '31987654322', 'Curitiba', 'PR', 'Brasil', 'Rua D', '321', 'Centro', 'ana.costa@email.com');
INSERT INTO ALUNO (ALUNO_CPF, ALUNO_NOME, ALUNO_MODALIDADE, ALUNO_TEL, ALUNO_CIDADE, ALUNO_ESTADO, ALUNO_PAIS, ALUNO_RUA, ALUNO_NUM, ALUNO_BAIRRO, EMAIL)
VALUES (667788990, 'Lucas Lima', 'Futebol', '11987654322', 'São Paulo', 'SP', 'Brasil', 'Rua E', '654', 'Jardim', 'lucas.lima@email.com');


DELETE FROM INSTRUTORES WHERE ID_INSTRUTOR = 1;

UPDATE INSTRUTORES SET NOME_INSTRUTOR = 'Roberto Silva' WHERE ID_INSTRUTOR = 1;
UPDATE INSTRUTORES SET INSTRUTOR_CIDADE = 'Rio de Janeiro' WHERE ID_INSTRUTOR = 2;

INSERT INTO INSTRUTORES (ID_INSTRUTOR, NOME_INSTRUTOR, ESPEC_INSTRUTOR, INSTRUTOR_TEL, INSTRUTOR_CIDADE, INSTRUTOR_ESTADO, INSTRUTOR_PAIS, INSTRUTOR_RUA, INSTRUTOR_NUM, INSTRUTOR_BAIRRO, SEXO_INSTRUTOR)
VALUES (1, 'Carlos Almeida', 'Futebol', '11987654321', 'São Paulo', 'SP', 'Brasil', 'Rua X', '101', 'Centro', 'M');
INSERT INTO INSTRUTORES (ID_INSTRUTOR, NOME_INSTRUTOR, ESPEC_INSTRUTOR, INSTRUTOR_TEL, INSTRUTOR_CIDADE, INSTRUTOR_ESTADO, INSTRUTOR_PAIS, INSTRUTOR_RUA, INSTRUTOR_NUM, INSTRUTOR_BAIRRO, SEXO_INSTRUTOR)
VALUES (2, 'Fernanda Lima', 'Vôlei', '21987654321', 'Niterói', 'RJ', 'Brasil', 'Rua Y', '202', 'Icaraí', 'F');
INSERT INTO INSTRUTORES (ID_INSTRUTOR, NOME_INSTRUTOR, ESPEC_INSTRUTOR, INSTRUTOR_TEL, INSTRUTOR_CIDADE, INSTRUTOR_ESTADO, INSTRUTOR_PAIS, INSTRUTOR_RUA, INSTRUTOR_NUM, INSTRUTOR_BAIRRO, SEXO_INSTRUTOR)
VALUES (3, 'Ricardo Oliveira', 'Basquete', '31987654322', 'Belo Horizonte', 'MG', 'Brasil', 'Rua Z', '303', 'Centro', 'M');
INSERT INTO INSTRUTORES (ID_INSTRUTOR, NOME_INSTRUTOR, ESPEC_INSTRUTOR, INSTRUTOR_TEL, INSTRUTOR_CIDADE, INSTRUTOR_ESTADO, INSTRUTOR_PAIS, INSTRUTOR_RUA, INSTRUTOR_NUM, INSTRUTOR_BAIRRO, SEXO_INSTRUTOR)
VALUES (4, 'Patrícia Souza', 'Natação', '31987654323', 'Curitiba', 'PR', 'Brasil', 'Rua W', '404', 'Centro', 'F');
INSERT INTO INSTRUTORES (ID_INSTRUTOR, NOME_INSTRUTOR, ESPEC_INSTRUTOR, INSTRUTOR_TEL, INSTRUTOR_CIDADE, INSTRUTOR_ESTADO, INSTRUTOR_PAIS, INSTRUTOR_RUA, INSTRUTOR_NUM, INSTRUTOR_BAIRRO, SEXO_INSTRUTOR)
VALUES (5, 'Juliana Costa', 'Futebol', '11987654323', 'São Paulo', 'SP', 'Brasil', 'Rua T', '505', 'Jardim', 'F');


DELETE FROM AULA WHERE ID_AULA = 1;

UPDATE AULA SET CAPACIDADE_AULA = 25 WHERE ID_AULA = 1;
UPDATE AULA SET DIA_AULA = '2024-11-20' WHERE ID_AULA = 2;

INSERT INTO AULA (ID_AULA, CAPACIDADE_AULA, DIA_AULA, INSTRUTOR_AULA, ALUNO_AULA, HORARIO_AULA)
VALUES (1, 20, '2024-11-15', 1, 123456789, '08:00:00');
INSERT INTO AULA (ID_AULA, CAPACIDADE_AULA, DIA_AULA, INSTRUTOR_AULA, ALUNO_AULA, HORARIO_AULA)
VALUES (2, 15, '2024-11-16', 2, 987654321, '10:00:00');
INSERT INTO AULA (ID_AULA, CAPACIDADE_AULA, DIA_AULA, INSTRUTOR_AULA, ALUNO_AULA, HORARIO_AULA)
VALUES (3, 30, '2024-11-17', 3, 112233445, '14:00:00');
INSERT INTO AULA (ID_AULA, CAPACIDADE_AULA, DIA_AULA, INSTRUTOR_AULA, ALUNO_AULA, HORARIO_AULA)
VALUES (4, 25, '2024-11-18', 4, 556677889, '16:00:00');
INSERT INTO AULA (ID_AULA, CAPACIDADE_AULA, DIA_AULA, INSTRUTOR_AULA, ALUNO_AULA, HORARIO_AULA)
VALUES (5, 20, '2024-11-19', 5, 667788990, '09:00:00');



DELETE FROM PAGAMENTOS WHERE ID_PAGAMENTO = 1;

UPDATE PAGAMENTOS SET VALOR_PAGAMENTO = 200.00 WHERE ID_PAGAMENTO = 1;
UPDATE PAGAMENTOS SET STATUR_PAGAMENTO = 'PAGO' WHERE ID_PAGAMENTO = 2;

INSERT INTO PAGAMENTOS (ID_PAGAMENTO, DATA_PAGAMENTO, VALOR_PAGAMENTO, STATUR_PAGAMENTO, ALUNO_PAGAMENTO)
VALUES (1, '2024-11-10 14:00:00', 150.00, 'PENDENTE', 123456789);
INSERT INTO PAGAMENTOS (ID_PAGAMENTO, DATA_PAGAMENTO, VALOR_PAGAMENTO, STATUR_PAGAMENTO, ALUNO_PAGAMENTO)
VALUES (2, '2024-11-12 10:00:00', 120.00, 'PAGO', 987654321);
INSERT INTO PAGAMENTOS (ID_PAGAMENTO, DATA_PAGAMENTO, VALOR_PAGAMENTO, STATUR_PAGAMENTO, ALUNO_PAGAMENTO)
VALUES (3, '2024-11-13 11:30:00', 180.00, 'PENDENTE', 112233445);
INSERT INTO PAGAMENTOS (ID_PAGAMENTO, DATA_PAGAMENTO, VALOR_PAGAMENTO, STATUR_PAGAMENTO, ALUNO_PAGAMENTO)
VALUES (4, '2024-11-14 15:00:00', 200.00, 'PENDENTE', 556677889);
INSERT INTO PAGAMENTOS (ID_PAGAMENTO, DATA_PAGAMENTO, VALOR_PAGAMENTO, STATUR_PAGAMENTO, ALUNO_PAGAMENTO)
VALUES (5, '2024-11-15 09:00:00', 220.00, 'PAGO', 667788990);


DELETE FROM PLANO_TREINO WHERE ID_PLANO = 1;

UPDATE PLANO_TREINO SET PLANO_INSTRUTOR = 1 WHERE ID_PLANO = 1;
UPDATE PLANO_TREINO SET PLANO_ALUNO = 112233445 WHERE ID_PLANO = 2;

INSERT INTO PLANO_TREINO (ID_PLANO, PLANO_INSTRUTOR, PLANO_ALUNO)
VALUES (1, 1, 123456789);
INSERT INTO PLANO_TREINO (ID_PLANO, PLANO_INSTRUTOR, PLANO_ALUNO)
VALUES (2, 2, 987654321);
INSERT INTO PLANO_TREINO (ID_PLANO, PLANO_INSTRUTOR, PLANO_ALUNO)
VALUES (3, 3, 112233445);
INSERT INTO PLANO_TREINO (ID_PLANO, PLANO_INSTRUTOR, PLANO_ALUNO)
VALUES (4, 4, 556677889);
INSERT INTO PLANO_TREINO (ID_PLANO, PLANO_INSTRUTOR, PLANO_ALUNO)
VALUES (5, 5, 667788990);


DELETE FROM MODALIDADES WHERE ID_MODALIDADE = 1;

UPDATE MODALIDADES SET NOME_MODALIDADE = 'Futebol' WHERE ID_MODALIDADE = 1;
UPDATE MODALIDADES SET INSTRUTOR_MOD = 2 WHERE ID_MODALIDADE = 2;

INSERT INTO MODALIDADES (ID_MODALIDADE, NOME_MODALIDADE, INSTRUTOR_MOD)
VALUES (1, 'Futebol', 1);
INSERT INTO MODALIDADES (ID_MODALIDADE, NOME_MODALIDADE, INSTRUTOR_MOD)
VALUES (2, 'Vôlei', 2);
INSERT INTO MODALIDADES (ID_MODALIDADE, NOME_MODALIDADE, INSTRUTOR_MOD)
VALUES (3, 'Basquete', 3);
INSERT INTO MODALIDADES (ID_MODALIDADE, NOME_MODALIDADE, INSTRUTOR_MOD)
VALUES (4, 'Natação', 4);
INSERT INTO MODALIDADES (ID_MODALIDADE, NOME_MODALIDADE, INSTRUTOR_MOD)
VALUES (5, 'Atletismo', 5);